course_id,user_id,registered,viewed,explored,certified,completed,ip,cc_by_ip,countryLabel,continent,city,region,subdivision,postalCode,un_major_region,un_economic_group,un_developing_nation,un_special_region,latitude,longitude,LoE,YoB,gender,grade,passing_grade,start_time,first_event,last_event,nevents,ndays_act,nplay_video,nchapters,nforum_posts,nforum_votes,nforum_endorsed,nforum_threads,nforum_comments,nforum_pinned,roles,nprogcheck,nproblem_check,nforum_events,mode,is_active,cert_created_date,cert_modified_date,cert_status,verified_enroll_time,verified_unenroll_time,profile_country,y1_anomalous,email_domain,language_brwsr,language_brwsr_country,language_brwsr_sec,language_brwsr_sec_country,language_brwsr_code,language_brwsr_subcode,language_brwsr_sec_code,language_brwsr_sec_subcode,language_brwsr_nevents,language_brwsr_ndiff,language,language_download,language_nevents,language_ndiff,ntranscript,nshow_answer,nvideo,nvideos_unique_viewed,nvideos_total_watched,nseq_goto,nseek_video,npause_video,avg_dt,sdv_dt,max_dt,n_dt,sum_dt,roles_isBetaTester,roles_isInstructor,roles_isStaff,roles_isCCX,roles_isFinance,roles_isLibrary,roles_isSales,forumRoles_isAdmin,forumRoles_isCommunityTA,forumRoles_isModerator,forumRoles_isStudent
HarvardX/PH525.1x/1T2018,29940,True,False,,False,False,198.214.249.125,US,United States,Americas,Austin,TX,Texas,78713,Northern America,Developed regions,,,30.2672,-97.7431,,,,,0.7,2018-04-09 20:35:12,2018-04-09 20:35:12.514905,2018-04-09 20:35:15.033008,6,2,0,,,,,,,,Student,0,0,0,audit,1,,,,,,,,yahoo.com,English,United States,,,en,US,,,2,1,,,,,0,0,0,,,0,0,0,1.2590515,1.3938142388426442,2.244627,4,5.036206,,,,,,,,,,,1
HarvardX/PH525.1x/1T2018,37095,True,False,,False,False,119.30.45.190,BD,Bangladesh,Asia,Dhaka,13,Dhaka,,Southern Asia,Developing_Nations,Least developed countries,,23.7231,90.4086,b,1991,m,,0.7,2018-05-13 11:02:23,2018-05-13 11:02:23.107110,2018-05-28 10:53:00.201573,11,5,1,,,,,,,,Student,0,0,0,audit,1,,,,,,BD,,gmail.com,English,United States,Bengali,,en,US,bn,,1,1,,,,,0,0,1,1,0.02702702702702703,0,0,0,27.885878299999998,66.26541750357389,157.780183,6,268.12488299999995,,,,,,,,,,,1
HarvardX/PH525.1x/1T2018,45634,True,False,,False,False,201.233.80.3,CO,Colombia,Americas,Medellín,ANT,Antioquia,,South America,Developing_Nations,,Latin America and the Caribbean,6.2518,-75.5636,m,1982,m,,0.7,2017-12-23 06:06:17,2017-12-23 06:06:17.344874,2017-12-23 06:06:17.344874,1,1,0,,,,,,,,Student,0,0,0,audit,1,,,,,,CO,,gmail.com,,,,,,,,,,,,,,,0,0,0,,,0,0,0,,,,0,,,,,,,,,,,,1
HarvardX/PH525.1x/1T2018,52234,True,False,,False,False,213.114.41.34,SE,Sweden,Europe,Skanör,M,Skåne,,Northern Europe,Developed regions,,,55.4167,12.85,p,1988,m,,0.7,2018-01-04 11:24:45,2018-01-04 11:24:44.701936,2018-03-27 17:58:17.561094,5,3,0,,,,,,,,Student,0,0,0,audit,1,,,,,,SE,,gmail.com,English,United States,,,en,US,,,1,1,,,,,0,0,0,,,0,0,0,2.000444,,2.000444,2,4.000888,,,,,,,,,,,1
HarvardX/PH525.1x/1T2018,52238,True,True,False,False,False,177.226.237.217,MX,Mexico,Americas,León,GUA,Guanajuato,,Central America,Developing_Nations,,Latin America and the Caribbean,21.0931,-101.645,,,,,0.7,2018-01-16 19:34:38,2018-01-16 19:34:37.619153,2018-02-10 06:44:12.467841,18,3,1,1,,,,,,,Student,0,0,0,audit,1,,,,,,,,hotmail.com,Spanish; Castilian,,,,es,419,,,11,1,en,0,1,1,0,0,1,1,0.02702702702702703,1,0,1,14.75526659090909,49.783730197838196,141.493084,12,299.27072499999997,,,,,,,,,,,1
HarvardX/PH525.1x/1T2018,79526,True,True,True,False,False,155.246.161.110,US,United States,Americas,Hoboken,NJ,New Jersey,07030,Northern America,Developed regions,,,40.7458,-74.0321,,,,,0.7,2018-02-03 03:19:06,2018-02-03 03:19:05.761319,2018-02-25 20:21:14.968349,58,4,2,5,,,,,,,Student,0,0,0,audit,1,,,,,,US,,ymail.com,English,United Kingdom,English,,en,GB,en,,36,1,en,0,7,1,1,0,2,1,0.02702702702702703,1,0,2,24.933079948148148,53.56783246085684,254.657858,53,1004.9986929999999,,,,,,,,,,,1
HarvardX/PH525.1x/1T2018,85566,True,True,False,False,False,88.227.158.33,TR,Turkey,Asia,Ankara,06,Ankara,,Western Asia,Developing_Nations,,,39.9117,32.8403,,,,,0.7,2018-03-23 18:20:14,2018-03-23 00:00:00,2018-04-04 20:12:08.528053,96,8,12,2,,,,,,,Student,0,0,0,audit,1,,,,,,,,hotmail.com,Turkish,Turkey,English,United States,tr,TR,en,US,25,1,en,0,4,1,8,0,12,2,0.05405405405405406,2,4,10,20.792007484848483,50.307542641362275,253.375035,88,1737.6271599999995,,,,,,,,,,,1
HarvardX/PH525.1x/1T2018,86941,True,False,,False,False,203.99.214.95,IN,India,Asia,,,,,Southern Asia,Developing_Nations,,,20.0,77.0,b,1991,m,,0.7,2018-04-26 11:34:58,2018-04-26 11:34:57.601024,2018-04-26 11:34:57.601024,1,1,0,,,,,,,,Student,0,0,0,audit,1,,,,,,IN,,gmail.com,,,,,,,,,,,,,,,0,0,0,,,0,0,0,,,,0,,,,,,,,,,,,1
HarvardX/PH525.1x/1T2018,99599,True,False,,False,False,213.113.64.148,SE,Sweden,Europe,Kista,AB,Stockholm,16432,Northern Europe,Developed regions,,,59.4032,17.9448,,,,,0.7,2018-03-12 16:45:11,2018-03-12 16:45:11.168071,2018-03-12 16:45:11.168071,2,2,0,,,,,,,,Student,0,0,0,audit,1,,,,,,,,gmail.com,,,,,,,,,,,,,,,0,0,0,,,0,0,0,,,,0,,,,,,,,,,,,1
HarvardX/PH525.1x/1T2018,115862,True,False,,False,False,67.188.53.216,US,United States,Americas,Vallejo,CA,California,94591,Northern America,Developed regions,,,38.1165,-122.2091,,,,,0.7,2018-05-02 03:15:57,2018-05-02 03:15:56.801761,2018-05-02 06:08:57.165697,20,4,0,,,,,,,,Student,0,0,0,audit,1,,,,,,,,gmail.com,English,United States,,,en,US,,,10,1,,,,,0,0,0,,,0,0,0,4.689684666666667,3.555068414266783,8.79297,12,56.276216000000005,,,,,,,,,,,1
HarvardX/PH525.1x/1T2018,116196,True,True,True,False,False,24.187.195.66,US,United States,Americas,Bay Shore,NY,New York,11706,Northern America,Developed regions,,,40.7338,-73.2652,m,1967,m,,0.7,2018-05-30 19:18:41,2018-05-30 00:00:00,2018-05-31 18:56:06.099907,107,2,7,3,,,,,,,Student,0,0,0,audit,0,,,,,,US,,hotmail.com,English,United States,,,en,US,,,79,1,en,0,12,1,0,0,7,3,0.08108108108108109,12,3,3,7.789192643393394,18.409183870755747,107.57704,101,855.640468,,,,,,,,,,,1
HarvardX/PH525.1x/1T2018,135821,True,True,False,False,False,85.165.128.163,NO,Norway,Europe,Oslo,03,Oslo County,,Northern Europe,Developed regions,,,59.9167,10.75,,,,,0.7,2018-03-22 14:49:41,2018-03-22 14:49:40.724478,2018-04-22 19:47:04.826815,149,8,18,1,,,,,,,Student,0,20,0,audit,1,,,,,,,,gmail.com,"Bokmål, Norwegian; Norwegian Bokmål",,"Norwegian Nynorsk; Nynorsk, Norwegian",,nb,NB,nn,,100,2,en,0,13,1,0,0,18,3,0.08108108108108109,7,11,19,13.682000479271181,33.771965425939825,154.553055,128,2056.2778749999998,,,,,,,,,,,1
HarvardX/PH525.1x/1T2018,145324,True,True,False,False,False,88.188.188.113,FR,France,Europe,Nantes,44,Loire-Atlantique,44300,Western Europe,Developed regions,,,47.2173,-1.5534,b,1987,f,,0.7,2018-02-08 23:01:21,2018-02-08 23:01:20.611911,2018-03-18 01:47:14.475374,25,3,0,1,,,,,,,Student,0,0,0,audit,0,,,,,,FR,,gmail.com,English,United States,,,en,US,,,5,1,,,,,0,0,0,,,0,0,0,54.394382500000006,100.17792207929918,260.639673,20,1087.8876500000001,,,,,,,,,,,1
HarvardX/PH525.1x/1T2018,146067,True,False,,False,False,46.102.197.158,GB,United Kingdom,Europe,London,ENG,England,,Northern Europe,Developed regions,,,51.5142,-0.0931,,,,,0.7,2018-05-11 01:31:05,2018-05-11 01:31:05.149379,2018-05-11 01:31:05.149379,3,3,0,,,,,,,,Student,0,0,0,audit,1,,,,,,,,hotmail.com,,,,,,,,,,,,,,,0,0,0,,,0,0,0,,,,0,,,,,,,,,,,,1
HarvardX/PH525.1x/1T2018,146228,True,True,True,True,True,199.248.199.110,US,United States,Americas,Brooklyn,NY,New York,11201,Northern America,Developed regions,,,40.6501,-73.9496,,,,0.95,0.7,2018-04-09 20:28:03,2018-04-09 00:00:00,2018-05-15 20:17:09.913960,2469,20,432,5,,,,,,,Student,0,434,0,verified,1,2018-04-24 22:15:07,2018-04-26 00:54:26,downloadable,2018-04-09 20:33:57.855937,,,,hotmail.com,English,United States,Russian,,en,US,ru,,4113,2,en,0,103,1,0,35,432,31,0.8378378378378378,5,87,407,19.71752703472382,45.38836018081601,296.109042,2313,53365.06224300001,,,,,,,,,,,1
HarvardX/PH525.1x/1T2018,146745,True,True,False,False,False,109.67.36.54,IL,Israel,Asia,Tel Aviv,TA,Tel Aviv,,Western Asia,Developing_Nations,,,32.0667,34.7667,,,,,0.7,2017-12-27 11:23:20,2017-12-27 11:23:20.566003,2018-02-21 18:32:29.153196,21,3,0,2,,,,,,,Student,0,0,0,audit,1,,,,,,,,gmail.com,English,United States,,,en,US,,,9,1,en,0,1,1,0,0,0,,,0,0,0,8.725824706349208,13.301954696559136,41.023664,16,139.201053,,,,,,,,,,,1
HarvardX/PH525.1x/1T2018,148361,True,True,False,False,False,189.68.102.22,BR,Brazil,Americas,Votuporanga,SP,Sao Paulo,15503,South America,Developing_Nations,,Latin America and the Caribbean,-20.4,-49.9833,,,,,0.7,2018-02-01 00:41:52,2018-02-01 00:00:00,2018-03-25 14:46:06.435739,56,8,1,2,,,,,,,Student,0,0,0,audit,1,,,,,,,,ead.ufscar.br,Portuguese,Brazil,English,United States,pt,BR,en,US,29,1,en,0,9,1,0,0,1,1,0.02702702702702703,0,0,1,5.8876861075,18.83826664871403,98.474262,40,349.26397700000007,,,,,,,,,,,1
HarvardX/PH525.1x/1T2018,149418,True,True,False,False,False,79.183.164.249,IL,Israel,Asia,Tel Aviv,TA,Tel Aviv,,Western Asia,Developing_Nations,,,32.0667,34.7667,,,,,0.7,2018-01-30 20:56:15,2018-01-30 20:56:14.756144,2018-02-03 17:08:17.556086,34,3,5,2,,,,,,,Student,0,0,0,audit,1,,,,,,,,gmail.com,English,United States,Hebrew,,en,US,he,,16,1,en,0,1,1,0,0,5,3,0.08108108108108109,0,4,2,8.319618996212121,12.656188207490926,66.931,31,233.593167,,,,,,,,,,,1
HarvardX/PH525.1x/1T2018,153427,True,False,,False,False,99.249.131.85,CA,Canada,Americas,London,ON,Ontario,,Northern America,Developed regions,,,42.9833,-81.25,,,,,0.7,2018-04-09 03:02:20,2018-04-09 03:02:20.526071,2018-05-03 05:04:36.894570,46,16,0,,,,,,,,Student,0,0,0,audit,1,,,,,,,,gmail.com,English,Canada,English,United Kingdom,en,CA,en,GB,33,1,,,,,0,0,0,,,0,0,0,11.0697191875,39.86930207420497,114.897681,30,586.9863179999999,,,,,,,,,,,1
HarvardX/PH525.1x/1T2018,154138,True,True,False,False,False,76.242.91.197,US,United States,North America,,,,,Northern America,Developed regions,,,38.0,-97.0,,,,,0.7,2018-03-26 03:08:29,2018-03-26 00:00:00,2018-04-29 19:22:15.335306,161,7,42,1,,,,,,,Student,0,0,0,audit,0,,,,,,,,gmail.com,English,United States,,,en,US,,,72,1,en,0,16,1,2,0,42,7,0.1891891891891892,10,18,20,24.59333266216216,52.046580920699846,249.711869,148,3639.813234,,,,,,,,,,,1
HarvardX/PH525.1x/1T2018,155207,True,False,,False,False,106.51.22.112,IN,India,Asia,Chennai,TN,Tamil Nadu,,Southern Asia,Developing_Nations,,,13.0833,80.2833,,,,,0.7,2017-12-25 16:46:26,2017-12-25 16:46:26.071275,2017-12-25 16:46:26.071275,1,1,0,,,,,,,,Student,0,0,0,audit,1,,,,,,,,gmail.com,,,,,,,,,,,,,,,0,0,0,,,0,0,0,,,,0,,,,,,,,,,,,1
HarvardX/PH525.1x/1T2018,156465,True,False,,False,False,41.140.179.117,MA,Morocco,Africa,Rabat,RAB,Rabat,,Northern Africa,Developing_Nations,,,34.0138,-6.8443,m,1968,m,,0.7,2018-02-08 15:32:21,2018-02-08 15:32:21.023646,2018-02-28 23:01:22.977030,6,3,0,,,,,,,,Student,0,0,0,audit,0,,,,,,US,,gmail.com,French,France,English,United States,fr,FR,en,US,2,1,,,,,0,0,0,,,0,0,0,4.5021195,2.639979632026069,6.368867,2,9.004239,,,,,,,,,,,1
HarvardX/PH525.1x/1T2018,160249,True,False,,False,False,179.52.151.104,DO,Dominican Republic,Americas,Santo Domingo,01,Nacional,,Caribbean,Developing_Nations,,Latin America and the Caribbean,18.4667,-69.9,b,1990,m,,0.7,2018-01-17 16:38:21,2018-01-17 16:38:21.394242,2018-01-17 16:38:21.394242,1,1,0,,,,,,,,Student,0,0,0,audit,1,,,,,,,,gmail.com,,,,,,,,,,,,,,,0,0,0,,,0,0,0,,,,0,,,,,,,,,,,,1
HarvardX/PH525.1x/1T2018,172438,True,False,,False,False,194.53.253.253,NO,Norway,Europe,Oslo,03,Oslo County,,Northern Europe,Developed regions,,,59.9167,10.75,b,1981,f,,0.7,2017-12-29 11:35:28,2017-12-29 11:35:28.078301,2018-03-07 13:26:37.505034,3,3,0,,,,,,,,Student,0,0,0,audit,0,,,,,,,,gmail.com,,,,,,,,,,,,,,,0,0,0,,,0,0,0,,,,0,,,,,,,,,,,,1
HarvardX/PH525.1x/1T2018,191113,True,True,False,False,False,109.252.90.55,RU,Russian Federation,Europe,Moscow,MOW,Moscow,,Eastern Europe,Developed regions,,,55.7522,37.6156,,,m,,0.7,2018-02-15 07:55:39,2018-02-15 07:55:39.185316,2018-02-15 19:04:14.268133,9,1,0,1,,,,,,,Student,0,0,0,audit,1,,,,,,,,usov.ws,Russian,Russian Federation,English,United States,ru,RU,en,US,5,1,en,0,1,1,0,0,0,,,0,0,0,54.94654542857143,74.57131820912558,198.696247,7,384.62581800000004,,,,,,,,,,,1
HarvardX/PH525.1x/1T2018,200817,True,False,,False,False,194.209.79.2,CH,Switzerland,Europe,Geneva,GE,Geneva,,Western Europe,Developed regions,,,46.1956,6.1481,b,1979,m,,0.7,2018-04-10 13:31:10,2018-04-10 13:31:10.576614,2018-04-10 13:31:10.576614,2,2,0,,,,,,,,Student,0,0,0,audit,1,,,,,,,,gmail.com,,,,,,,,,,,,,,,0,0,0,,,0,0,0,,,,0,,,,,,,,,,,,1
HarvardX/PH525.1x/1T2018,205542,True,True,False,False,False,195.111.132.254,HU,Hungary,Europe,,,,,Eastern Europe,Developed regions,,,47.4925,19.0514,b,1991,m,,0.7,2018-03-08 10:38:11,2018-03-08 00:00:00,2018-03-22 13:30:29.094786,180,6,6,2,,,,,,,Student,0,8,0,audit,0,,,,,,,,gmail.com,Hungarian,Hungary,English,,hu,HU,en,,39,1,en,0,2,1,0,2,6,2,0.05405405405405406,2,0,6,7.555099812499998,40.60741864808989,261.549915,162,2380.740361999999,,,,,,,,,,,1
HarvardX/PH525.1x/1T2018,213625,True,True,False,False,False,92.221.72.151,NO,Norway,Europe,,,,,Northern Europe,Developed regions,,,59.95,10.75,hs,1993,f,,0.7,2018-02-20 12:39:03,2018-02-20 00:00:00,2018-03-02 14:29:08.346451,52,3,10,1,,,,,,,Student,0,0,0,audit,1,,,,,,AU,,hotmail.com,English,United Kingdom,,,en,GB,,,40,1,en,0,2,1,0,0,10,1,0.02702702702702703,0,6,8,16.978608775132276,29.907468252868128,134.340369,46,810.7654310000001,,,,,,,,,,,1
HarvardX/PH525.1x/1T2018,214005,True,True,False,False,False,160.29.45.92,JP,Japan,Asia,Morioka,03,Iwate,,Eastern Asia,Developed regions,,,39.7036,141.1525,m,1989,m,,0.7,2018-01-12 23:33:07,2018-01-12 23:33:07.223864,2018-02-03 14:39:10.093882,90,3,8,2,,,,,,,Student,0,10,0,audit,1,,,,,,JP,,gmail.com,English,United States,Bengali,,en,US,bn,,59,1,en,0,4,1,0,1,8,2,0.05405405405405406,3,6,0,4.278550494117646,9.62668159242319,55.793051,86,437.86891999999995,,,,,,,,,,,1
HarvardX/PH525.1x/1T2018,248892,True,False,,False,False,182.48.236.32,IN,India,Asia,,,,,Southern Asia,Developing_Nations,,,20.0,77.0,b,1987,m,,0.7,2018-02-28 16:18:33,2018-02-28 16:18:33.240063,2018-02-28 16:18:49.230179,6,2,0,,,,,,,,Student,0,0,0,audit,1,,,,,,,,gmail.com,English,United States,,,en,US,,,1,1,,,,,0,0,0,,,0,0,0,7.995058,3.3685605390504705,10.37699,4,31.980232,,,,,,,,,,,1
HarvardX/PH525.1x/1T2018,257370,True,True,False,False,False,184.174.148.137,US,United States,Americas,Soddy Daisy,TN,Tennessee,37379,Northern America,Developed regions,,,35.3007,-85.1807,b,1959,m,,0.7,2018-02-15 17:40:30,2018-02-15 00:00:00,2018-03-01 00:52:41.317791,25,6,1,1,,,,,,,Student,0,0,0,audit,1,,,,,,US,,yahoo.com,English,United States,,,en,US,,,13,1,en,0,1,1,0,0,1,1,0.02702702702702703,0,0,0,6.729195357142857,15.576930479921483,51.670148,18,205.98818100000005,,,,,,,,,,,1
HarvardX/PH525.1x/1T2018,263077,True,True,True,False,False,181.191.136.254,PA,Panama,Americas,Bella Vista,7,Provincia de Los Santos,,Central America,Developing_Nations,,Latin America and the Caribbean,7.75,-80.2333,b,1951,m,,0.7,2018-02-04 12:37:57,2018-02-04 00:00:00,2018-04-18 12:10:38.638728,800,12,205,3,,,,,,,Student,0,20,0,audit,1,,,,,,,,globo.com,Portuguese,Brazil,English,United States,pt,BR,en,US,341,2,en,0,27,1,0,2,205,7,0.1891891891891892,12,133,189,21.367508122951538,43.87180728585141,286.534855,738,17575.892588,,,,,,,,,,,1
HarvardX/PH525.1x/1T2018,265931,True,True,False,False,False,124.171.215.52,AU,Australia,Oceania,Brisbane,QLD,Queensland,,Australia and New Zealand,Developed regions,,,-27.471,153.0243,b,1974,m,,0.7,2018-02-03 23:17:47,2018-02-03 23:17:47.156358,2018-05-02 15:10:42.249463,165,10,0,1,,,,,,,Student,0,0,0,audit,1,,,,,,,,gmail.com,Dutch; Flemish,Netherlands,English,Australia,nl,NL,en,AU,125,2,en,0,8,1,0,0,0,,,0,0,0,34.90712870333333,46.8585794483838,271.072948,151,2940.009167,,,,,,,,,,,1
HarvardX/PH525.1x/1T2018,280181,True,False,,False,False,185.3.147.78,IL,Israel,Asia,,,,,Western Asia,Developing_Nations,,,31.5,34.75,m,1984,f,,0.7,2017-12-24 18:41:52,2017-12-24 18:41:51.702616,2018-02-10 11:22:05.009101,9,5,0,,,,,,,,Student,0,0,0,audit,0,,,,,,,,yahoo.com,Hebrew,Israel,English,United States,he,IL,en,US,2,1,,,,,0,0,0,,,0,0,0,3.811599,3.4164460357726276,9.789611,4,15.246396,,,,,,,,,,,1
HarvardX/PH525.1x/1T2018,280771,True,True,True,False,False,92.98.132.21,AE,United Arab Emirates,Asia,Dubai,DU,Dubai,,Western Asia,Developing_Nations,,,25.2582,55.3047,hs,1985,m,,0.7,2018-01-30 14:59:30,2018-01-30 14:59:30.632328,2018-02-28 17:36:56.320580,209,9,13,3,,,,,,,Student,0,56,0,audit,0,,,,,,,,gmail.com,English,United States,,,en,US,,,125,1,en,0,12,1,0,1,13,2,0.05405405405405406,0,2,11,13.82557270083944,40.90651013852967,242.720289,187,3168.690875,,,,,,,,,,,1
HarvardX/PH525.1x/1T2018,285645,True,True,False,False,False,46.35.83.131,YE,Yemen,Asia,,,,,Western Asia,Developing_Nations,Least developed countries,,15.0,48.0,b,1986,f,,0.7,2018-04-09 17:34:33,2018-04-09 17:34:33.616847,2018-04-09 17:50:39.439360,12,2,0,1,,,,,,,Student,0,0,0,audit,1,,,,,,,,yahoo.com,English,United States,,,en,US,,,4,1,,,,,0,0,0,,,0,0,0,114.01841475,107.94680205778161,217.16512,8,912.147318,,,,,,,,,,,1
HarvardX/PH525.1x/1T2018,292552,True,False,,False,False,169.252.4.22,US,United States,Americas,Washington,DC,District of Columbia,20520,Northern America,Developed regions,,,38.8932,-77.049,m,1987,m,,0.7,2018-02-25 22:22:27,2018-02-25 22:22:27.029812,2018-04-02 12:08:33.407639,5,3,0,,,,,,,,Student,0,0,0,audit,1,,,,,,,,yahoo.com,English,United States,,,en,US,,,1,1,,,,,0,0,0,,,0,0,0,1.93735,,1.93735,2,3.8747,,,,,,,,,,,1
HarvardX/PH525.1x/1T2018,346722,True,True,True,False,False,72.94.54.16,US,United States,Americas,West Chester,PA,Pennsylvania,19382,Northern America,Developed regions,,,39.9239,-75.6203,b,1951,m,,0.7,2017-12-20 23:59:01,2017-12-20 23:59:00.807152,2018-06-03 00:19:56.485922,2150,51,125,4,,,,,,,Student,0,488,0,audit,0,,,,,,,,aol.com,English,United States,,,en,US,,,1756,1,en,0,57,1,0,48,125,16,0.43243243243243246,91,10,128,17.57980923087931,49.131886763456414,290.18977,1987,39562.44765,,,,,,,,,,,1
HarvardX/PH525.1x/1T2018,351286,True,True,True,False,False,202.91.70.252,IN,India,Asia,,,,,Southern Asia,Developing_Nations,,,20.0,77.0,p_se,1972,m,,0.7,2018-03-11 15:51:38,2018-03-11 00:00:00,2018-03-13 17:06:26.466044,62,4,4,3,,,,,,,Student,0,0,0,audit,1,,,,,,,,gmail.com,English,United States,,,en,US,,,22,1,en,0,5,1,0,0,4,2,0.05405405405405406,4,0,0,8.559707294999999,13.2086686989335,62.975958,58,594.3263219999999,,,,,,,,,,,1
HarvardX/PH525.1x/1T2018,371902,True,False,,False,False,146.115.43.100,US,United States,Americas,Allston,MA,Massachusetts,02134,Northern America,Developed regions,,,42.3596,-71.1287,b,1988,m,,0.7,2018-02-08 14:40:05,2018-02-08 14:40:05.150378,2018-02-08 14:40:05.150378,1,1,0,,,,,,,,Student,0,0,0,audit,1,,,,,,,,hbs.edu,,,,,,,,,,,,,,,0,0,0,,,0,0,0,,,,0,,,,,,,,,,,,1
HarvardX/PH525.1x/1T2018,375906,True,False,,False,False,65.96.182.246,US,United States,Americas,Boston,MA,Massachusetts,02122,Northern America,Developed regions,,,42.2941,-71.0543,m,,m,,0.7,2017-12-26 04:55:17,,,,,,,,,,,,,Student,,,,audit,1,,,,,,US,,gmail.com,,,,,,,,,,,,,,,,,,,,,,,,,,,,,,,,,,,,,,1
HarvardX/PH525.1x/1T2018,404691,True,False,,False,False,82.241.21.150,FR,France,Europe,Pantin,93,Seine-Saint-Denis,93500,Western Europe,Developed regions,,,48.8944,2.4093,b,1990,f,,0.7,2018-05-19 16:22:16,2018-05-19 16:19:32.285803,2018-05-19 16:22:26.192874,6,1,0,,,,,,,,Student,0,0,0,audit,1,,,,,,,,hotmail.com,French,France,English,United States,fr,FR,en,US,2,1,,,,,0,0,0,,,0,0,0,34.7814142,71.51143575010701,162.62528,5,173.907071,,,,,,,,,,,1
HarvardX/PH525.1x/1T2018,409029,True,False,,False,False,92.169.230.219,FR,France,Europe,,,,,Western Europe,Developed regions,,,48.86,2.35,other,1976,m,,0.7,2018-01-17 19:58:18,2018-01-17 19:58:18.560674,2018-01-17 19:58:18.560674,1,1,0,,,,,,,,Student,0,0,0,audit,1,,,,,,,,gmail.com,,,,,,,,,,,,,,,0,0,0,,,0,0,0,,,,0,,,,,,,,,,,,1
HarvardX/PH525.1x/1T2018,415266,True,False,,False,False,204.40.130.130,CA,Canada,Americas,Toronto,ON,Ontario,M7A,Northern America,Developed regions,,,43.6641,-79.3889,m,1984,m,,0.7,2018-01-16 16:22:22,2018-01-16 16:22:22.527674,2018-01-16 16:22:22.527674,1,1,0,,,,,,,,Student,0,0,0,audit,1,,,,,,CA,,gmail.com,,,,,,,,,,,,,,,0,0,0,,,0,0,0,,,,0,,,,,,,,,,,,1
HarvardX/PH525.1x/1T2018,416680,True,True,False,False,False,94.78.70.184,TR,Turkey,Asia,,,,,Western Asia,Developing_Nations,,,41.0136,28.955,b,1983,m,,0.7,2018-04-09 16:16:50,2018-04-09 16:16:50.135323,2018-04-20 15:19:21.751997,319,7,116,2,,,,,,,Student,0,0,0,audit,1,,,,,,,,ymail.com,English,United States,,,en,US,,,610,1,en,0,14,1,0,0,116,2,0.05405405405405406,2,97,45,12.57931911904762,28.803430583868884,238.593231,294,3121.480659,,,,,,,,,,,1
HarvardX/PH525.1x/1T2018,419555,True,True,True,False,False,144.124.80.235,GB,United Kingdom,Europe,Aberystwyth,CGN,Ceredigion,,Northern Europe,Developed regions,,,52.4167,-4.0667,b,1976,m,,0.7,2018-02-05 12:14:47,2018-02-05 00:00:00,2018-03-08 17:00:43.252693,1909,11,81,5,,,,,,,Student,0,557,0,audit,1,,,,,,,,gmail.com,English,United Kingdom,,,en,GB,,,1045,2,en,1,60,1,0,90,81,25,0.6756756756756757,17,28,80,14.79366329758563,43.227919537851804,299.193491,1852,28968.460278,,,,,,,,,,,1
HarvardX/PH525.1x/1T2018,432095,True,True,True,False,False,41.75.202.178,NG,Nigeria,Africa,Lagos,LA,Lagos,,Western Africa,Developing_Nations,,Sub-Saharan-Africa,6.4531,3.3958,m,1974,m,,0.7,2017-12-22 10:32:13,2017-12-22 10:32:13.057853,2018-02-25 15:11:55.589000,936,13,81,4,,,,,,,Student,0,196,0,audit,1,,,,,,NG,,brandeis.edu,English,United States,,,en,US,,,581,1,en,0,53,1,0,56,81,17,0.4594594594594595,51,34,49,24.032654453549522,58.55164163169669,298.254519,857,23557.500595,,,,,,,,,,,1
HarvardX/PH525.1x/1T2018,435571,True,True,True,False,False,173.28.221.204,US,United States,Americas,Iowa City,IA,Iowa,52240,Northern America,Developed regions,,,41.6611,-91.5302,m,1982,m,,0.7,2018-01-05 22:32:31,2018-01-05 22:32:31.251451,2018-06-03 21:34:46.437895,1347,16,223,3,,,,,,,Student,0,160,0,audit,1,,,,,,,,yahoo.com,English,United States,,,en,US,,,1102,1,en,0,59,1,0,60,223,17,0.4594594594594595,40,155,113,15.003432254428523,42.782506136327015,286.376919,1268,21333.928781999995,,,,,,,,,,,1
HarvardX/PH525.1x/1T2018,443958,True,True,False,False,False,24.104.158.198,US,United States,Americas,Wilmington,MA,Massachusetts,01887,Northern America,Developed regions,,,42.5653,-71.1745,b,1970,m,,0.7,2018-04-09 14:05:43,2018-04-09 14:05:42.679770,2018-04-09 14:06:09.311827,24,2,0,1,,,,,,,Student,0,0,0,audit,1,,,,,,US,,yahoo.com,English,United States,,,en,US,,,12,1,,,,,0,0,0,,,0,0,0,2.4210960909090913,3.7067601169698983,11.06822,22,53.264114000000006,,,,,,,,,,,1
HarvardX/PH525.1x/1T2018,459395,True,False,,False,False,50.227.52.178,US,United States,North America,,,,,Northern America,Developed regions,,,38.0,-97.0,hs,1972,m,,0.7,2018-01-16 23:14:51,2018-01-16 23:14:50.786021,2018-01-16 23:14:50.786021,1,1,0,,,,,,,,Student,0,0,0,audit,1,,,,,,US,,anielloenterprises.com,,,,,,,,,,,,,,,0,0,0,,,0,0,0,,,,0,,,,,,,,,,,,1
HarvardX/PH525.1x/1T2018,466761,True,True,False,False,False,122.2.100.167,PH,Philippines,Asia,,,,,South-Eastern Asia,Developing_Nations,,,14.5833,120.9667,m,1985,f,,0.7,2018-03-10 15:12:00,2018-03-10 15:11:59.660441,2018-03-18 19:32:25.509875,64,4,0,2,,,,,,,Student,0,0,0,audit,1,,,,,,PH,,yahoo.com,English,United States,,,en,US,,,17,1,en,0,1,1,0,0,0,,,0,0,0,33.82695261111111,19.616455203914423,89.729499,56,675.9063739999999,,,,,,,,,,,1
HarvardX/PH525.1x/1T2018,474443,True,True,True,False,False,61.16.136.118,IN,India,Asia,,,,,Southern Asia,Developing_Nations,,,20.0,77.0,b,1979,m,,0.7,2018-01-10 11:54:33,2018-01-10 11:54:33.542451,2018-02-25 20:10:38.918288,87,4,9,3,,,,,,,Student,0,0,0,audit,1,,,,,,,,Gmail.com,English,United Kingdom,English,,en,GB,en,,76,1,en,0,18,1,0,0,9,7,0.1891891891891892,1,2,2,12.615605347511313,32.457537450316856,253.730226,82,1032.777578,,,,,,,,,,,1
HarvardX/PH525.1x/1T2018,485370,True,True,True,False,False,129.199.224.92,FR,France,Europe,Paris,75,Paris,75005,Western Europe,Developed regions,,,48.8448,2.3471,hs,1994,m,,0.7,2018-02-28 17:56:34,2018-02-28 17:56:34.501567,2018-03-03 19:42:22.253918,500,8,132,4,,,,,,,Student,0,0,0,audit,1,,,,,,,,yahoo.com,French,France,English,United States,fr,FR,en,US,382,2,en,0,21,1,0,0,132,6,0.16216216216216217,44,76,58,10.155670188511323,40.6986955702883,264.058785,488,8185.100757999995,,,,,,,,,,,1
HarvardX/PH525.1x/1T2018,493440,True,True,False,False,False,80.114.129.179,NL,Netherlands,Europe,Den Haag,ZH,South Holland,2521,Western Europe,Developed regions,,,52.0675,4.3035,m,1991,m,,0.7,2018-01-11 00:01:18,2018-01-11 00:01:18.114306,2018-03-17 15:26:45.054234,171,5,61,2,,,,,,,Student,0,0,0,audit,1,,,,,,ID,,gmail.com,English,United States,Indonesian,,en,US,id,,152,1,en,0,7,1,0,0,61,4,0.10810810810810811,10,44,15,6.182153667207793,23.471243634003876,228.236629,166,1261.7194249999998,,,,,,,,,,,1
HarvardX/PH525.1x/1T2018,498212,True,False,,False,False,118.201.205.64,SG,Singapore,Asia,,,,,South-Eastern Asia,Developing_Nations,,,1.3667,103.8,b,1988,m,,0.7,2018-05-07 12:28:17,2018-05-07 12:28:16.638653,2018-05-07 12:32:27.518414,12,3,0,,,,,,,,Student,0,0,0,audit,1,,,,,,,,yahoo.com,English,United States,,,en,US,,,8,1,,,,,0,0,0,,,0,0,0,83.62658699999999,105.49216133799511,204.140233,9,752.639283,,,,,,,,,,,1
HarvardX/PH525.1x/1T2018,500570,True,False,,False,False,14.139.110.226,IN,India,Asia,Ahmedabad,GJ,Gujarat,,Southern Asia,Developing_Nations,,,23.0333,72.6167,hs,1990,m,,0.7,2018-04-25 08:24:21,2018-04-25 08:24:20.627229,2018-04-25 08:24:20.627229,1,1,0,,,,,,,,Student,0,0,0,audit,1,,,,,,IN,,gmail.com,,,,,,,,,,,,,,,0,0,0,,,0,0,0,,,,0,,,,,,,,,,,,1
HarvardX/PH525.1x/1T2018,506300,True,False,,False,False,148.56.123.66,AT,Austria,Europe,,,,,Western Europe,Developed regions,,,48.2,0.0,p_se,1979,f,,0.7,2018-05-25 08:26:14,2018-05-25 08:26:14.237475,2018-05-25 08:26:26.056636,3,1,0,,,,,,,,Student,0,0,0,audit,1,,,,,,,,gmail.com,Spanish; Castilian,Spain,French,France,es,ES,fr,FR,1,1,,,,,0,0,0,,,0,0,0,5.909580500000001,4.916743259293951,9.386243,2,11.819161000000001,,,,,,,,,,,1
HarvardX/PH525.1x/1T2018,512685,True,True,False,False,False,201.230.133.200,PE,Peru,Americas,Lima,LMA,Provincia de Lima,,South America,Developing_Nations,,Latin America and the Caribbean,-12.05,-77.05,b,,m,,0.7,2018-04-11 17:29:33,2018-04-11 17:29:33.232868,2018-04-19 05:02:14.382560,24,4,2,2,,,,,,,Student,0,0,0,audit,1,,,,,,,,gmail.com,English,United States,,,en,US,,,34,1,en,0,2,1,0,0,2,1,0.02702702702702703,0,0,2,12.918686844444444,62.788993563147585,257.99171,19,489.042403,,,,,,,,,,,1
HarvardX/PH525.1x/1T2018,531222,True,False,,False,False,155.185.4.142,IT,Italy,Europe,Modena,MO,Province of Modena,,Southern Europe,Developed regions,,,44.6667,10.9167,b,1988,f,,0.7,2018-01-16 13:43:52,2018-01-16 13:43:51.755474,2018-01-16 13:43:51.755474,1,1,0,,,,,,,,Student,0,0,0,audit,1,,,,,,,,gmail.com,,,,,,,,,,,,,,,0,0,0,,,0,0,0,,,,0,,,,,,,,,,,,1
HarvardX/PH525.1x/1T2018,537046,True,False,,False,False,189.206.202.205,MX,Mexico,Americas,Garza García,NLE,Nuevo León,,Central America,Developing_Nations,,Latin America and the Caribbean,25.6667,-100.4,hs,1991,f,,0.7,2018-04-09 20:06:32,2018-04-09 20:06:31.799345,2018-04-09 20:06:34.927846,6,2,0,,,,,,,,Student,0,0,0,audit,1,,,,,,,,me.com,English,United States,Spanish; Castilian,,en,US,es,,2,1,,,,,0,0,0,,,0,0,0,1.5642505,2.0677534693508557,3.026373,4,6.257002,,,,,,,,,,,1
HarvardX/PH525.1x/1T2018,539527,True,True,False,False,False,175.157.245.170,LK,Sri Lanka,Asia,,,,,Southern Asia,Developing_Nations,,,7.0,81.0,hs,1993,m,,0.7,2018-03-27 19:12:29,2018-03-27 19:12:28.623234,2018-04-13 03:29:07.415221,22,6,0,1,,,,,,,Student,0,0,0,audit,0,,,,,,,,gmail.com,English,United States,,,en,US,,,5,1,en,0,2,1,0,0,0,,,0,0,0,20.578360166666666,48.63914939133547,139.926919,16,369.64695800000004,,,,,,,,,,,1
HarvardX/PH525.1x/1T2018,554887,True,False,,False,False,180.151.205.35,IN,India,Asia,Bangalore,KA,Karnataka,,Southern Asia,Developing_Nations,,,12.9833,77.5833,m,1981,m,,0.7,2018-04-30 19:48:41,2018-04-30 19:48:40.628389,2018-04-30 19:48:40.628389,4,4,0,,,,,,,,Student,0,0,0,audit,1,,,,,,,,gmail.com,,,,,,,,,,,,,,,0,0,0,,,0,0,0,,,,0,,,,,,,,,,,,1
HarvardX/PH525.1x/1T2018,564596,True,True,False,False,False,41.212.72.238,KE,Kenya,Africa,Nairobi,110,Nairobi Province,,Eastern Africa,Developing_Nations,,Sub-Saharan-Africa,-1.2833,36.8167,other,1984,m,,0.7,2018-02-05 09:03:54,2018-02-05 00:00:00,2018-02-10 15:30:06.030409,340,3,47,2,,,,,,,Student,0,40,0,audit,1,,,,,,,,gmail.com,English,United States,,,en,US,,,255,1,en,0,20,1,0,5,47,7,0.1891891891891892,1,63,22,17.583489782241394,53.91938624558023,287.637472,311,7527.610535,,,,,,,,,,,1
HarvardX/PH525.1x/1T2018,587582,True,True,False,False,False,76.93.182.67,US,United States,Americas,San Diego,CA,California,92117,Northern America,Developed regions,,,32.8183,-117.1966,b,1953,f,,0.7,2018-04-09 22:06:59,2018-04-09 22:06:58.779951,2018-04-16 20:08:23.668098,92,4,4,2,,,,,,,Student,0,0,0,audit,1,,,,,,,,yahoo.com,English,United States,,,en,US,,,116,1,en,0,3,1,0,0,4,2,0.05405405405405406,2,0,4,22.537900423423423,53.28215547421447,235.177068,86,2457.9971339999997,,,,,,,,,,,1
HarvardX/PH525.1x/1T2018,634301,True,False,,False,False,92.40.249.38,GB,United Kingdom,Europe,,,,,Northern Europe,Developed regions,,,51.5,-0.13,,,,,0.7,2018-05-01 08:34:41,2018-05-01 08:34:43.176913,2018-05-01 08:34:43.176913,4,4,0,,,,,,,,Student,0,0,0,audit,1,,,,,,,,gmx.net,,,,,,,,,,,,,,,0,0,0,,,0,0,0,,,,0,,,,,,,,,,,,1
HarvardX/PH525.1x/1T2018,640586,True,False,,False,False,49.204.226.40,IN,India,Asia,Hyderabad,,Telangana,,Southern Asia,Developing_Nations,,,17.3753,78.4744,m,1985,f,,0.7,2017-12-24 14:28:20,2017-12-24 14:28:20.013046,2018-03-01 09:15:47.497172,5,3,0,,,,,,,,Student,0,0,0,audit,1,,,,,,IN,,gmail.com,English,United States,,,en,US,,,1,1,,,,,0,0,0,,,0,0,0,2.490302,,2.490302,2,4.980604,,,,,,,,,,,1
HarvardX/PH525.1x/1T2018,648956,True,True,False,False,False,43.250.241.165,LK,Sri Lanka,Asia,,,,,Southern Asia,Developing_Nations,,,7.0,81.0,p_se,1972,m,,0.7,2018-02-07 05:29:37,2018-02-07 05:29:37.464594,2018-02-07 05:31:18.281616,6,1,0,1,,,,,,,Student,0,0,0,audit,1,,,,,,,,yahoo.com,English,United States,,,en,US,,,2,1,,,,,0,0,0,,,0,0,0,20.1634044,26.363896737721657,61.914777,5,100.81702200000001,,,,,,,,,,,1
HarvardX/PH525.1x/1T2018,663901,True,False,,False,False,168.159.160.58,IN,India,Asia,Bangalore,KA,Karnataka,560048,Southern Asia,Developing_Nations,,,12.9833,77.5833,m,1979,m,,0.7,2018-05-08 19:50:52,,,,,,,,,,,,,Student,,,,audit,1,,,,,,,,gmail.com,,,,,,,,,,,,,,,,,,,,,,,,,,,,,,,,,,,,,,1
HarvardX/PH525.1x/1T2018,715305,True,True,True,False,False,194.225.185.34,IR,Iran,Asia,,,,,Southern Asia,Developing_Nations,,,35.6961,51.4231,m,1982,m,,0.7,2018-04-16 10:58:15,2018-04-16 00:00:00,2018-05-05 06:23:29.889126,176,7,4,5,,,,,,,Student,0,0,0,audit,1,,,,,,IR,,gmail.com,English,United States,,,en,US,,,368,1,en,0,101,1,0,0,4,1,0.02702702702702703,46,10,0,29.630390486461256,48.11934044408011,264.725196,151,3923.260539000001,,,,,,,,,,,1
HarvardX/PH525.1x/1T2018,723728,True,True,False,False,False,86.5.207.216,GB,United Kingdom,Europe,Derby,DER,Derby,DE72,Northern Europe,Developed regions,,,52.915,-1.4661,m,1970,m,,0.7,2018-05-01 21:28:46,2018-05-01 00:00:00,2018-05-01 22:10:17.167638,112,4,4,1,,,,,,,Student,0,0,0,audit,1,,,,,,,,hotmail.com,English,United States,,,en,US,,,95,1,en,0,4,1,0,0,4,1,0.02702702702702703,0,0,4,12.283927769230774,22.8013551256619,100.429968,104,1277.5284880000004,,,,,,,,,,,1
HarvardX/PH525.1x/1T2018,734564,True,False,,False,False,82.19.137.12,GB,United Kingdom,Europe,Washington,SND,Sunderland,NE37,Northern Europe,Developed regions,,,54.9097,-1.5385,b,1983,m,,0.7,2018-04-24 19:29:14,2018-04-24 19:29:14.529238,2018-04-24 19:29:22.728182,3,1,0,,,,,,,,Student,0,0,0,audit,1,,,,,,GB,,gmail.com,English,,Spanish; Castilian,,en,EN,es,,3,1,,,,,0,0,0,,,0,0,0,4.099472,0.7936170532240342,4.660644,2,8.198944,,,,,,,,,,,1
HarvardX/PH525.1x/1T2018,737413,True,False,,False,False,154.160.1.182,,,,,,,,,,,,,,,,,,0.7,2018-01-21 03:42:44,2018-01-21 03:42:44.302588,2018-01-21 03:42:44.302588,1,1,0,,,,,,,,Student,0,0,0,audit,1,,,,,,,,gmail.com,,,,,,,,,,,,,,,0,0,0,,,0,0,0,,,,0,,,,,,,,,,,,1
HarvardX/PH525.1x/1T2018,742085,True,False,,False,False,72.94.172.196,US,United States,Americas,Morrisville,PA,Pennsylvania,19067,Northern America,Developed regions,,,40.1957,-74.8127,b,1975,m,,0.7,2018-04-10 21:04:45,2018-04-10 21:04:44.936311,2018-04-10 23:45:41.411161,6,2,0,,,,,,,,Student,0,0,0,audit,1,,,,,,,,gmail.com,English,United States,,,en,US,,,5,1,,,,,0,0,0,,,0,0,0,3.153952,,3.153952,2,6.307904,,,,,,,,,,,1
HarvardX/PH525.1x/1T2018,750778,True,True,False,False,False,89.243.11.88,GB,United Kingdom,Europe,London,ENG,England,E10,Northern Europe,Developed regions,,,51.5666,-0.0131,m,1984,m,,0.7,2018-01-26 18:53:13,2018-01-26 18:53:12.600568,2018-03-02 21:19:02.568536,31,3,2,1,,,,,,,Student,0,0,0,audit,1,,,,,,,,gmail.com,Spanish; Castilian,Spain,English,,es,ES,en,,24,1,en,0,2,1,0,0,2,1,0.02702702702702703,0,4,2,38.68333641666667,82.77593444933899,271.100814,24,928.400074,,,,,,,,,,,1
HarvardX/PH525.1x/1T2018,762932,True,False,,False,False,129.241.53.181,NO,Norway,Europe,Trondheim,16,Sor-Trondelag Fylke,,Northern Europe,Developed regions,,,63.4167,10.4167,p,1985,m,,0.7,2018-01-04 14:20:19,2018-01-04 14:20:19.038459,2018-01-04 14:20:19.038459,1,1,0,,,,,,,,Student,0,0,0,audit,1,,,,,,NO,,gmail.com,,,,,,,,,,,,,,,0,0,0,,,0,0,0,,,,0,,,,,,,,,,,,1
HarvardX/PH525.1x/1T2018,775707,True,True,True,False,False,82.208.111.22,RU,Russian Federation,Europe,Nizhniy Novgorod,NIZ,Nizhegorodskaya Oblast',,Eastern Europe,Developed regions,,,56.3269,44.0075,p_se,1983,f,,0.7,2018-05-21 06:54:39,2018-05-21 00:00:00,2018-05-30 12:05:37.473407,1363,7,287,4,,,,,,,Student,0,208,0,audit,1,,,,,,,,gmail.com,Russian,Russian Federation,English,United States,ru,RU,en,US,976,1,en,1,39,1,0,6,287,19,0.5135135135135135,13,53,272,23.24054808879153,42.891613214759836,279.130653,1288,28813.697374000003,,,,,,,,,,,1
HarvardX/PH525.1x/1T2018,825288,True,True,False,False,False,121.137.226.64,KR,Korea,Asia,Suwon,41,Gyeonggi-do,,Eastern Asia,Developing_Nations,,,37.2911,127.0089,b,,,,0.7,2018-04-25 08:58:47,2018-04-25 08:58:47.308165,2018-04-25 10:48:12.612245,8,1,0,1,,,,,,,Student,0,0,0,audit,1,,,,,,,,gmail.com,English,United States,Korean,,en,US,ko,,12,1,en,0,2,1,0,0,0,,,0,0,0,2.9143862,2.9842073413891166,7.079565,5,14.571931,,,,,,,,,,,1
HarvardX/PH525.1x/1T2018,827065,True,False,,False,False,52.193.171.166,US,United States,Americas,Wilmington,DE,Delaware,19893,Northern America,Developed regions,,,39.5645,-75.597,m,1987,m,,0.7,2018-01-17 01:50:16,2018-01-17 01:50:15.989807,2018-01-17 01:50:15.989807,1,1,0,,,,,,,,Student,0,0,0,audit,1,,,,,,CN,,126.com,,,,,,,,,,,,,,,0,0,0,,,0,0,0,,,,0,,,,,,,,,,,,1
HarvardX/PH525.1x/1T2018,846857,True,False,,False,False,189.205.120.135,MX,Mexico,Americas,Garza García,NLE,Nuevo León,,Central America,Developing_Nations,,Latin America and the Caribbean,25.6667,-100.4,m,1979,m,,0.7,2018-04-09 18:34:31,2018-04-09 18:34:31.325852,2018-04-09 18:34:42.434842,6,2,0,,,,,,,,Student,0,0,0,audit,1,,,,,,MX,,yahoo.com,English,United States,Spanish; Castilian,,en,US,es,419,2,1,,,,,0,0,0,,,0,0,0,5.554495,4.768480644948662,8.92632,4,22.21798,,,,,,,,,,,1
HarvardX/PH525.1x/1T2018,868084,True,False,,False,False,74.138.225.25,US,United States,Americas,Louisville,KY,Kentucky,40201,Northern America,Developed regions,,,38.2542,-85.7594,m,,m,,0.7,2018-02-27 00:58:59,2018-02-27 00:58:58.895476,2018-03-02 00:24:28.434713,15,5,0,,,,,,,,Student,0,0,0,audit,1,,,,,,,,gmail.com,English,United States,,,en,US,,,5,1,,,,,0,0,0,,,0,0,0,6.57108525,27.770309590001325,91.640554,10,113.071685,,,,,,,,,,,1
HarvardX/PH525.1x/1T2018,871468,True,False,,False,False,65.116.52.68,US,United States,Americas,Dubuque,IA,Iowa,52001,Northern America,Developed regions,,,42.5006,-90.6646,jhs,1996,m,,0.7,2018-04-30 07:04:30,2018-04-30 07:04:29.865940,2018-04-30 07:50:57.094073,1020,4,0,,,,,,,,Student,0,0,0,audit,1,,,,,,,,gmail.com,English,United States,,,en,US,,,10,1,,,,,0,0,0,,,0,0,0,1.9064846324110665,15.345857698756856,191.982382,1012,1929.3624479999992,,,,,,,,,,,1
HarvardX/PH525.1x/1T2018,877335,True,False,,False,False,135.245.173.11,US,United States,Americas,Naperville,IL,Illinois,60563,Northern America,Developed regions,,,41.8032,-88.1341,b,1980,m,,0.7,2017-12-22 10:49:19,2017-12-22 10:49:19.564625,2017-12-22 10:49:19.564625,1,1,0,,,,,,,,Student,0,0,0,audit,1,,,,,,,,gmail.com,,,,,,,,,,,,,,,0,0,0,,,0,0,0,,,,0,,,,,,,,,,,,1
HarvardX/PH525.1x/1T2018,922412,True,False,,False,False,120.61.24.218,IN,India,Asia,Thane,MH,Maharashtra,,Southern Asia,Developing_Nations,,,19.2,72.9667,m,1993,m,,0.7,2017-12-30 05:28:34,2017-12-30 05:28:34.317517,2017-12-30 05:28:34.317517,1,1,0,,,,,,,,Student,0,0,0,audit,1,,,,,,IN,,iimidr.ac.in,,,,,,,,,,,,,,,0,0,0,,,0,0,0,,,,0,,,,,,,,,,,,1
HarvardX/PH525.1x/1T2018,957376,True,True,True,False,False,86.183.135.104,GB,United Kingdom,Europe,Headley,HAM,Hampshire,,Northern Europe,Developed regions,,,51.1167,-0.8167,b,1947,m,,0.7,2018-05-14 19:09:57,2018-05-14 19:09:57.482293,2018-06-05 19:26:52.134430,762,16,7,3,,,,,,,Student,0,178,0,audit,1,,,,,,,,btinternet.com,English,United States,,,en,US,,,525,1,en,1,43,1,0,0,7,2,0.05405405405405406,0,1,4,14.175568236503445,41.61153467551469,287.869267,685,10611.647175999999,,,,,,,,,,,1
HarvardX/PH525.1x/1T2018,971960,True,True,False,False,False,208.96.136.2,NI,Nicaragua,Americas,Managua,MN,Departamento de Managua,,Central America,Developing_Nations,,Latin America and the Caribbean,12.1508,-86.2683,b,1983,m,,0.7,2018-01-22 00:29:32,2018-01-22 00:29:32.054964,2018-02-08 02:03:28.200567,10,2,0,1,,,,,,,Student,0,0,0,audit,1,,,,,,CR,,gmail.com,English,United States,,,en,US,,,5,1,,,,,0,0,0,,,0,0,0,4.483835999999999,7.404615511962715,20.457553,8,35.870687999999994,,,,,,,,,,,1
HarvardX/PH525.1x/1T2018,987026,True,True,False,False,False,18.189.127.200,US,United States,Americas,Cambridge,MA,Massachusetts,02139,Northern America,Developed regions,,,42.3646,-71.1028,hs,1985,f,,0.7,2018-01-09 16:33:50,2018-01-09 16:33:50.332198,2018-03-12 16:46:52.339829,22,5,1,1,,,,,,,Student,0,0,0,audit,1,,,,,,US,,gmail.com,English,United States,,,en,US,,,10,1,en,0,2,1,0,0,1,1,0.02702702702702703,0,0,1,26.542326550000002,72.87303994514544,257.980468,17,638.166142,,,,,,,,,,,1
HarvardX/PH525.1x/1T2018,997749,True,True,False,False,False,,,,,,,,,,,,,,,m,1988,m,,0.7,2018-01-23 14:02:33,2018-01-23 14:02:32.767080,2018-03-13 05:30:00.178176,151,7,15,1,,,,,,,Student,0,0,0,audit,0,,,,,,IN,,gmail.com,English,United States,,,en,US,,,34,1,en,0,3,1,23,0,15,7,0.1891891891891892,4,11,12,10.93404513824386,36.82396869858312,270.0,137,1549.8627519999995,,,,,,,,,,,1
HarvardX/PH525.1x/1T2018,1034512,True,False,,False,False,129.118.32.4,US,United States,Americas,Lubbock,TX,Texas,79409,Northern America,Developed regions,,,33.61,-101.8213,m,1985,m,,0.7,2018-04-27 15:51:57,2018-04-27 15:51:57.530308,2018-04-27 15:52:09.124766,3,1,0,,,,,,,,Student,0,0,0,audit,1,,,,,,,,gmail.com,English,United States,Maltese,,en,US,mt,,3,1,,,,,0,0,0,,,0,0,0,5.797229,4.888125940752549,9.253656,2,11.594458,,,,,,,,,,,1
HarvardX/PH525.1x/1T2018,1072655,True,True,True,False,False,71.225.93.88,US,United States,Americas,Berwyn,PA,Pennsylvania,19312,Northern America,Developed regions,,,40.0308,-75.4499,p_se,1971,m,,0.7,2018-01-11 11:30:35,2018-01-11 11:30:35.159461,2018-02-22 11:44:42.249322,22,2,0,3,,,,,,,Student,0,0,0,audit,1,,,,,,,,gmail.com,English,United States,Lithuanian,,en,US,lt,,11,1,,,,,0,0,0,,,0,0,0,4.044591349999999,7.8314221545892675,28.435695,20,80.89182699999999,,,,,,,,,,,1
HarvardX/PH525.1x/1T2018,1102698,True,False,,False,False,194.65.23.69,PT,Portugal,Europe,Amadora,11,Lisbon,,Southern Europe,Developed regions,,,38.7597,-9.2397,b,1989,m,,0.7,2018-01-08 10:13:35,2018-01-08 10:13:34.928968,2018-04-03 08:17:50.927157,5,3,0,,,,,,,,Student,0,0,0,audit,1,,,,,,,,gmail.com,English,United States,,,en,US,,,1,1,,,,,0,0,0,,,0,0,0,2.586588,,2.586588,2,5.173176,,,,,,,,,,,1
HarvardX/PH525.1x/1T2018,1105814,True,True,True,False,False,108.226.117.114,US,United States,Americas,Hayward,CA,California,94545,Northern America,Developed regions,,,37.6293,-122.1163,b,1989,m,,0.7,2018-01-26 08:50:54,2018-01-26 08:50:54.240042,2018-05-28 05:00:49.860858,137,7,12,4,,,,,,,Student,0,0,0,audit,1,,,,,,,,gmail.com,English,United States,Korean,,en,US,ko,,54,1,en,0,7,1,0,0,12,2,0.05405405405405406,5,9,0,9.733234241452992,11.700206389317401,116.282316,130,548.8576130000001,,,,,,,,,,,1
HarvardX/PH525.1x/1T2018,1112974,True,True,False,False,False,89.64.32.245,PL,Poland,Europe,,,,,Eastern Europe,Developed regions,,,52.2333,21.0167,b,1992,m,,0.7,2018-02-16 18:55:30,2018-02-16 18:55:30.369027,2018-02-16 19:04:41.528549,23,1,0,2,,,,,,,Student,0,0,0,audit,0,,,,,,PL,,o2.pl,Polish,Poland,English,United States,pl,PL,en,US,12,1,en,0,1,1,0,0,0,,,1,0,0,25.052705545454554,59.697866791728224,262.419511,22,551.1595220000002,,,,,,,,,,,1
HarvardX/PH525.1x/1T2018,1114911,True,True,False,False,False,67.81.159.117,US,United States,Americas,Greenwich,CT,Connecticut,06831,Northern America,Developed regions,,,41.0821,-73.6636,hs,1987,m,,0.7,2018-02-24 21:55:41,2018-02-24 21:55:40.974686,2018-03-11 04:11:59.052464,23,3,0,1,,,,,,,Student,0,2,0,audit,1,,,,,,,,gmail.com,English,United States,,,en,US,,,11,1,en,0,1,1,0,0,0,,,0,2,0,14.986472487179489,67.2976577857902,234.87551,17,548.698799,,,,,,,,,,,1
HarvardX/PH525.1x/1T2018,1115439,True,True,False,False,False,179.159.59.156,BR,Brazil,Americas,Campinas,SP,Sao Paulo,13020,South America,Developing_Nations,,Latin America and the Caribbean,-22.9,-47.0833,hs,1985,m,,0.7,2018-01-31 08:22:49,2018-01-31 08:22:49.429626,2018-01-31 23:35:34.694944,15,1,0,2,,,,,,,Student,0,0,0,audit,1,,,,,,BR,,hotmail.com,English,Canada,English,United Kingdom,en,CA,en,GB,6,2,en,0,1,1,0,0,0,,,1,0,0,23.815246,46.23980190706896,155.781524,11,261.96770599999996,,,,,,,,,,,1
HarvardX/PH525.1x/1T2018,1140212,True,False,,False,False,193.231.29.213,RO,Romania,Europe,Cluj-napoca,CJ,Judetul Cluj,400358,Eastern Europe,Developed regions,,,46.7667,23.6,b,1991,f,,0.7,2018-02-12 06:20:55,2018-02-12 06:20:55.265672,2018-02-12 06:23:41.865354,3,1,0,,,,,,,,Student,0,0,0,audit,1,,,,,,RO,,hotmail.com,English,United States,Romanian; Moldavian; Moldovan,,en,US,ro,,1,1,,,,,0,0,0,,,0,0,0,83.299841,114.65724718967303,164.374758,2,166.599682,,,,,,,,,,,1
HarvardX/PH525.1x/1T2018,1144231,True,False,,False,False,78.72.205.69,SE,Sweden,Europe,,,,,Northern Europe,Developed regions,,,59.3294,18.0686,jhs,1997,m,,0.7,2018-01-16 16:20:20,2018-01-16 16:20:20.599668,2018-01-16 16:20:20.599668,1,1,0,,,,,,,,Student,0,0,0,audit,1,,,,,,,,gmail.com,,,,,,,,,,,,,,,0,0,0,,,0,0,0,,,,0,,,,,,,,,,,,1
HarvardX/PH525.1x/1T2018,1149443,True,True,True,False,False,91.125.3.234,GB,United Kingdom,Europe,London,ENG,England,,Northern Europe,Developed regions,,,51.5142,-0.0931,p_se,1964,f,,0.7,2018-03-25 14:29:34,2018-03-25 00:00:00,2018-04-26 20:45:54.941826,260,7,20,3,,,,,,,Student,0,0,0,audit,1,,,,,,,,gmail.com,English,United Kingdom,,,en,GB,,,169,2,en,0,48,1,0,0,20,8,0.21621621621621623,0,8,10,19.922050454104824,51.29980900675819,266.710877,246,5557.647558999999,,,,,,,,,,,1
HarvardX/PH525.1x/1T2018,1172954,True,True,True,False,False,187.160.8.81,MX,Mexico,Americas,Monterrey,NLE,Nuevo León,,Central America,Developing_Nations,,Latin America and the Caribbean,25.6667,-100.3167,m,1979,m,,0.7,2018-03-07 19:48:32,2018-03-07 00:00:00,2018-03-07 22:08:59.927217,366,2,120,3,,,,,,,Student,0,0,0,audit,1,,,,,,,,yahoo.com,Spanish; Castilian,Spain,,,es,ES,,,176,1,en,0,12,1,0,0,120,10,0.2702702702702703,12,74,78,28.364209846590914,57.23372270905678,296.214298,352,9984.201866000001,,,,,,,,,,,1
HarvardX/PH525.1x/1T2018,1176055,True,True,False,False,False,27.56.178.220,IN,India,Asia,Bangalore,KA,Karnataka,,Southern Asia,Developing_Nations,,,12.9833,77.5833,b,1987,m,,0.7,2018-05-01 06:48:03,2018-05-01 06:48:02.850733,2018-05-01 06:48:46.387883,32,4,0,1,,,,,,,Student,0,0,0,audit,1,,,,,,,,gmail.com,English,United States,Spanish; Castilian,Spain,en,US,es,ES,20,1,,,,,0,0,0,,,0,0,0,6.219592857142858,7.901054165630926,22.253947,28,174.14860000000002,,,,,,,,,,,1
